<?xml version="1.0" encoding="UTF-8"?>
<metadata xml:lang="en"><Esri><CreaDate>20220106</CreaDate><CreaTime>18112800</CreaTime><ArcGISFormat>1.0</ArcGISFormat><SyncOnce>FALSE</SyncOnce><DataProperties><itemProps><itemName Sync="TRUE">Anthracite_Coal_Mine_Permits_12022016</itemName><imsContentType Sync="TRUE">002</imsContentType><itemLocation><linkage Sync="TRUE">file://\\ALCES\DATA\DEP\Mining2016_12\DEP_Mining_Updated_Layers_Dec2016\Anthracite_Coal_Mine_Permits_12022016.shp</linkage><protocol Sync="TRUE">Local Area Network</protocol></itemLocation><nativeExtBox><westBL Sync="TRUE">108113.263200</westBL><eastBL Sync="TRUE">210467.058000</eastBL><southBL Sync="TRUE">176785.642200</southBL><northBL Sync="TRUE">293990.514500</northBL><exTypeCode Sync="TRUE">1</exTypeCode></nativeExtBox><itemSize Sync="TRUE">0.097</itemSize></itemProps><coordRef><type Sync="TRUE">Projected</type><geogcsn Sync="TRUE">GCS_North_American_1983</geogcsn><projcsn Sync="TRUE">PA_Albers_Equal_Area_Conic</projcsn><peXml Sync="TRUE">&lt;ProjectedCoordinateSystem xsi:type='typens:ProjectedCoordinateSystem' xmlns:xsi='http://www.w3.org/2001/XMLSchema-instance' xmlns:xs='http://www.w3.org/2001/XMLSchema' xmlns:typens='http://www.esri.com/schemas/ArcGIS/10.4'&gt;&lt;WKT&gt;PROJCS[&amp;quot;PA_Albers_Equal_Area_Conic&amp;quot;,GEOGCS[&amp;quot;GCS_North_American_1983&amp;quot;,DATUM[&amp;quot;D_North_American_1983&amp;quot;,SPHEROID[&amp;quot;GRS_1980&amp;quot;,6378137.0,298.257222101]],PRIMEM[&amp;quot;Greenwich&amp;quot;,0.0],UNIT[&amp;quot;Degree&amp;quot;,0.0174532925199433]],PROJECTION[&amp;quot;Albers&amp;quot;],PARAMETER[&amp;quot;False_Easting&amp;quot;,0.0],PARAMETER[&amp;quot;False_Northing&amp;quot;,0.0],PARAMETER[&amp;quot;Central_Meridian&amp;quot;,-78.0],PARAMETER[&amp;quot;Standard_Parallel_1&amp;quot;,40.0],PARAMETER[&amp;quot;Standard_Parallel_2&amp;quot;,42.0],PARAMETER[&amp;quot;Latitude_Of_Origin&amp;quot;,39.0],UNIT[&amp;quot;Meter&amp;quot;,1.0]]&lt;/WKT&gt;&lt;XOrigin&gt;-16085300&lt;/XOrigin&gt;&lt;YOrigin&gt;-8515400&lt;/YOrigin&gt;&lt;XYScale&gt;279982320.96202713&lt;/XYScale&gt;&lt;ZOrigin&gt;-100000&lt;/ZOrigin&gt;&lt;ZScale&gt;10000&lt;/ZScale&gt;&lt;MOrigin&gt;-100000&lt;/MOrigin&gt;&lt;MScale&gt;10000&lt;/MScale&gt;&lt;XYTolerance&gt;0.001&lt;/XYTolerance&gt;&lt;ZTolerance&gt;0.001&lt;/ZTolerance&gt;&lt;MTolerance&gt;0.001&lt;/MTolerance&gt;&lt;HighPrecision&gt;true&lt;/HighPrecision&gt;&lt;/ProjectedCoordinateSystem&gt;</peXml><csUnits Sync="TRUE">Linear Unit: Meter (1.000000)</csUnits></coordRef><lineage><Process ToolSource="C:\Program Files\ArcGIS\Desktop10.0\ArcToolbox\Toolboxes\Conversion Tools.tbx\FeatureClassToFeatureClass" Date="20130117" Time="143623">FeatureClassToFeatureClass "C:\Kevin's_Folder\GIS_Projects\Mylar_Geodatabase_Updates\Anthracite_Permits_With_Attributes.shp" "C:\Kevin's_Folder\GIS_Projects\Mylar_Geodatabase_Updates\Mylar_Updates_With_Attributes.gdb" Anthracite_Permits # "Index_No "Index_No" true true false 10 Text 0 0 ,First,#,C:\Kevin's_Folder\GIS_Projects\Mylar_Geodatabase_Updates\Anthracite_Permits_With_Attributes.shp,Index_No,-1,-1;Shape_Leng "Shape_Leng" true true false 19 Double 0 0 ,First,#,C:\Kevin's_Folder\GIS_Projects\Mylar_Geodatabase_Updates\Anthracite_Permits_With_Attributes.shp,Shape_Leng,-1,-1;Shape_Area "Shape_Area" true true false 19 Double 0 0 ,First,#,C:\Kevin's_Folder\GIS_Projects\Mylar_Geodatabase_Updates\Anthracite_Permits_With_Attributes.shp,Shape_Area,-1,-1;Index_No_2 "Index_No_2" true true false 19 Double 0 0 ,First,#,C:\Kevin's_Folder\GIS_Projects\Mylar_Geodatabase_Updates\Anthracite_Permits_With_Attributes.shp,Index_No_2,-1,-1;Quad_Name "Quad_Name" true true false 254 Text 0 0 ,First,#,C:\Kevin's_Folder\GIS_Projects\Mylar_Geodatabase_Updates\Anthracite_Permits_With_Attributes.shp,Quad_Name,-1,-1;Quad__ "Quad__" true true false 254 Text 0 0 ,First,#,C:\Kevin's_Folder\GIS_Projects\Mylar_Geodatabase_Updates\Anthracite_Permits_With_Attributes.shp,Quad__,-1,-1;Topo__ "Topo__" true true false 254 Text 0 0 ,First,#,C:\Kevin's_Folder\GIS_Projects\Mylar_Geodatabase_Updates\Anthracite_Permits_With_Attributes.shp,Topo__,-1,-1;Index_No_1 "Index_No_1" true true false 16 Double 6 15 ,First,#,C:\Kevin's_Folder\GIS_Projects\Mylar_Geodatabase_Updates\Anthracite_Permits_With_Attributes.shp,Index_No_1,-1,-1;Zone "Zone" true true false 254 Text 0 0 ,First,#,C:\Kevin's_Folder\GIS_Projects\Mylar_Geodatabase_Updates\Anthracite_Permits_With_Attributes.shp,Zone,-1,-1;Permit__ "Permit__" true true false 254 Text 0 0 ,First,#,C:\Kevin's_Folder\GIS_Projects\Mylar_Geodatabase_Updates\Anthracite_Permits_With_Attributes.shp,Permit__,-1,-1;Misc "Misc" true true false 254 Text 0 0 ,First,#,C:\Kevin's_Folder\GIS_Projects\Mylar_Geodatabase_Updates\Anthracite_Permits_With_Attributes.shp,Misc,-1,-1;Date_Issue "Date_Issue" true true false 8 Date 0 0 ,First,#,C:\Kevin's_Folder\GIS_Projects\Mylar_Geodatabase_Updates\Anthracite_Permits_With_Attributes.shp,Date_Issue,-1,-1;Municipali "Municipali" true true false 254 Text 0 0 ,First,#,C:\Kevin's_Folder\GIS_Projects\Mylar_Geodatabase_Updates\Anthracite_Permits_With_Attributes.shp,Municipali,-1,-1;County "County" true true false 254 Text 0 0 ,First,#,C:\Kevin's_Folder\GIS_Projects\Mylar_Geodatabase_Updates\Anthracite_Permits_With_Attributes.shp,County,-1,-1;Company "Company" true true false 254 Text 0 0 ,First,#,C:\Kevin's_Folder\GIS_Projects\Mylar_Geodatabase_Updates\Anthracite_Permits_With_Attributes.shp,Company,-1,-1;Street1 "Street1" true true false 254 Text 0 0 ,First,#,C:\Kevin's_Folder\GIS_Projects\Mylar_Geodatabase_Updates\Anthracite_Permits_With_Attributes.shp,Street1,-1,-1;Street2 "Street2" true true false 254 Text 0 0 ,First,#,C:\Kevin's_Folder\GIS_Projects\Mylar_Geodatabase_Updates\Anthracite_Permits_With_Attributes.shp,Street2,-1,-1;City "City" true true false 254 Text 0 0 ,First,#,C:\Kevin's_Folder\GIS_Projects\Mylar_Geodatabase_Updates\Anthracite_Permits_With_Attributes.shp,City,-1,-1;State "State" true true false 254 Text 0 0 ,First,#,C:\Kevin's_Folder\GIS_Projects\Mylar_Geodatabase_Updates\Anthracite_Permits_With_Attributes.shp,State,-1,-1;Zip "Zip" true true false 254 Text 0 0 ,First,#,C:\Kevin's_Folder\GIS_Projects\Mylar_Geodatabase_Updates\Anthracite_Permits_With_Attributes.shp,Zip,-1,-1;Mine_Name "Mine_Name" true true false 254 Text 0 0 ,First,#,C:\Kevin's_Folder\GIS_Projects\Mylar_Geodatabase_Updates\Anthracite_Permits_With_Attributes.shp,Mine_Name,-1,-1;Permit_Typ "Permit_Typ" true true false 254 Text 0 0 ,First,#,C:\Kevin's_Folder\GIS_Projects\Mylar_Geodatabase_Updates\Anthracite_Permits_With_Attributes.shp,Permit_Typ,-1,-1;Mineral "Mineral" true true false 254 Text 0 0 ,First,#,C:\Kevin's_Folder\GIS_Projects\Mylar_Geodatabase_Updates\Anthracite_Permits_With_Attributes.shp,Mineral,-1,-1;Primary_Fa "Primary_Fa" true true false 254 Text 0 0 ,First,#,C:\Kevin's_Folder\GIS_Projects\Mylar_Geodatabase_Updates\Anthracite_Permits_With_Attributes.shp,Primary_Fa,-1,-1;Coal_Seam_ "Coal_Seam_" true true false 254 Text 0 0 ,First,#,C:\Kevin's_Folder\GIS_Projects\Mylar_Geodatabase_Updates\Anthracite_Permits_With_Attributes.shp,Coal_Seam_,-1,-1;Coal_Seam1 "Coal_Seam1" true true false 254 Text 0 0 ,First,#,C:\Kevin's_Folder\GIS_Projects\Mylar_Geodatabase_Updates\Anthracite_Permits_With_Attributes.shp,Coal_Seam1,-1,-1;Coal_Sea_1 "Coal_Sea_1" true true false 254 Text 0 0 ,First,#,C:\Kevin's_Folder\GIS_Projects\Mylar_Geodatabase_Updates\Anthracite_Permits_With_Attributes.shp,Coal_Sea_1,-1,-1;Coal_Sea_2 "Coal_Sea_2" true true false 254 Text 0 0 ,First,#,C:\Kevin's_Folder\GIS_Projects\Mylar_Geodatabase_Updates\Anthracite_Permits_With_Attributes.shp,Coal_Sea_2,-1,-1;Coal_Sea_3 "Coal_Sea_3" true true false 254 Text 0 0 ,First,#,C:\Kevin's_Folder\GIS_Projects\Mylar_Geodatabase_Updates\Anthracite_Permits_With_Attributes.shp,Coal_Sea_3,-1,-1;Coal_Sea_4 "Coal_Sea_4" true true false 254 Text 0 0 ,First,#,C:\Kevin's_Folder\GIS_Projects\Mylar_Geodatabase_Updates\Anthracite_Permits_With_Attributes.shp,Coal_Sea_4,-1,-1;Coal_Sea_5 "Coal_Sea_5" true true false 254 Text 0 0 ,First,#,C:\Kevin's_Folder\GIS_Projects\Mylar_Geodatabase_Updates\Anthracite_Permits_With_Attributes.shp,Coal_Sea_5,-1,-1;Coal_Sea_6 "Coal_Sea_6" true true false 254 Text 0 0 ,First,#,C:\Kevin's_Folder\GIS_Projects\Mylar_Geodatabase_Updates\Anthracite_Permits_With_Attributes.shp,Coal_Sea_6,-1,-1;Coal_Sea_7 "Coal_Sea_7" true true false 254 Text 0 0 ,First,#,C:\Kevin's_Folder\GIS_Projects\Mylar_Geodatabase_Updates\Anthracite_Permits_With_Attributes.shp,Coal_Sea_7,-1,-1;Coal_Sea_8 "Coal_Sea_8" true true false 254 Text 0 0 ,First,#,C:\Kevin's_Folder\GIS_Projects\Mylar_Geodatabase_Updates\Anthracite_Permits_With_Attributes.shp,Coal_Sea_8,-1,-1;Coal_Sea_9 "Coal_Sea_9" true true false 254 Text 0 0 ,First,#,C:\Kevin's_Folder\GIS_Projects\Mylar_Geodatabase_Updates\Anthracite_Permits_With_Attributes.shp,Coal_Sea_9,-1,-1;Coal_Se_10 "Coal_Se_10" true true false 254 Text 0 0 ,First,#,C:\Kevin's_Folder\GIS_Projects\Mylar_Geodatabase_Updates\Anthracite_Permits_With_Attributes.shp,Coal_Se_10,-1,-1;Coal_Se_11 "Coal_Se_11" true true false 254 Text 0 0 ,First,#,C:\Kevin's_Folder\GIS_Projects\Mylar_Geodatabase_Updates\Anthracite_Permits_With_Attributes.shp,Coal_Se_11,-1,-1;F34 "F34" true true false 254 Text 0 0 ,First,#,C:\Kevin's_Folder\GIS_Projects\Mylar_Geodatabase_Updates\Anthracite_Permits_With_Attributes.shp,F34,-1,-1;F35 "F35" true true false 254 Text 0 0 ,First,#,C:\Kevin's_Folder\GIS_Projects\Mylar_Geodatabase_Updates\Anthracite_Permits_With_Attributes.shp,F35,-1,-1;F36 "F36" true true false 254 Text 0 0 ,First,#,C:\Kevin's_Folder\GIS_Projects\Mylar_Geodatabase_Updates\Anthracite_Permits_With_Attributes.shp,F36,-1,-1;F37 "F37" true true false 254 Text 0 0 ,First,#,C:\Kevin's_Folder\GIS_Projects\Mylar_Geodatabase_Updates\Anthracite_Permits_With_Attributes.shp,F37,-1,-1;F38 "F38" true true false 254 Text 0 0 ,First,#,C:\Kevin's_Folder\GIS_Projects\Mylar_Geodatabase_Updates\Anthracite_Permits_With_Attributes.shp,F38,-1,-1" #</Process><Process ToolSource="c:\program files\arcgis\pro\Resources\ArcToolbox\toolboxes\Data Management Tools.tbx\Project" Date="20220106" Time="181128">Project Anthracite_Coal_Mine_Permits_12022016 "C:\Users\PlotVitalNPC\Desktop\TGIS 501\Labs\lab1\data\Anthracite_Coal_Mine_Permits_12022016_1.shp" PROJCS["USA_Contiguous_Lambert_Conformal_Conic",GEOGCS["GCS_North_American_1983",DATUM["D_North_American_1983",SPHEROID["GRS_1980",6378137.0,298.257222101]],PRIMEM["Greenwich",0.0],UNIT["Degree",0.0174532925199433]],PROJECTION["Lambert_Conformal_Conic"],PARAMETER["False_Easting",0.0],PARAMETER["False_Northing",0.0],PARAMETER["Central_Meridian",-96.0],PARAMETER["Standard_Parallel_1",33.0],PARAMETER["Standard_Parallel_2",45.0],PARAMETER["Latitude_Of_Origin",39.0],UNIT["Meter",1.0]] # PROJCS["PA_Albers_Equal_Area_Conic",GEOGCS["GCS_North_American_1983",DATUM["D_North_American_1983",SPHEROID["GRS_1980",6378137.0,298.257222101]],PRIMEM["Greenwich",0.0],UNIT["Degree",0.0174532925199433]],PROJECTION["Albers"],PARAMETER["False_Easting",0.0],PARAMETER["False_Northing",0.0],PARAMETER["Central_Meridian",-78.0],PARAMETER["Standard_Parallel_1",40.0],PARAMETER["Standard_Parallel_2",42.0],PARAMETER["Latitude_Of_Origin",39.0],UNIT["Meter",1.0]] NO_PRESERVE_SHAPE # NO_VERTICAL</Process></lineage><copyHistory><copy source="D:\GIS_Data\Mylar_GIS_Data\Geodatabase\Shapefiles_For_PASDA\NEW_Shapefiles_For_PASDA\Anthracite_Coal_Mine_Permits_12022016" dest="\\EPMPCOW01\D$\GIS_Data\Mylar_GIS_Data\Geodatabase\Shapefiles_For_PASDA\NEW_Shapefiles_For_PASDA\DEP_Mining_Updated_Layers_Dec2016\Anthracite_Coal_Mine_Permits_12022016" date="20161209" time="16384300"></copy></copyHistory></DataProperties><SyncDate>20161219</SyncDate><SyncTime>09181800</SyncTime><ModDate>20161219</ModDate><ModTime>09181800</ModTime></Esri><dataIdInfo><envirDesc Sync="TRUE">Microsoft Windows 7 Version 6.1 (Build 7601) Service Pack 1; Esri ArcGIS 10.4.1.5686</envirDesc><dataLang><languageCode value="en" country="US"></languageCode><countryCode value="USA" Sync="TRUE"></countryCode></dataLang><idCitation><resTitle Sync="TRUE">Anthracite_Coal_Mine_Permits_12022016</resTitle><presForm><PresFormCd value="005"></PresFormCd></presForm></idCitation><descKeys><thesaName uuidref="723f6998-058e-11dc-8314-0800200c9a66"></thesaName><keyword Sync="TRUE">002</keyword></descKeys><spatRpType><SpatRepTypCd value="001"></SpatRepTypCd></spatRpType><dataExt><geoEle><GeoBndBox esriExtentType="search"><exTypeCode Sync="TRUE">1</exTypeCode><westBL Sync="TRUE">-76.722772</westBL><eastBL Sync="TRUE">-75.474056</eastBL><northBL Sync="TRUE">41.640368</northBL><southBL Sync="TRUE">40.565408</southBL></GeoBndBox></geoEle></dataExt></dataIdInfo><mdLang><languageCode value="en"></languageCode><countryCode value="USA" Sync="TRUE"></countryCode></mdLang><distInfo><distFormat><formatName Sync="TRUE">Shapefile</formatName></distFormat><distTranOps><transSize Sync="TRUE">0.097</transSize></distTranOps></distInfo><mdHrLv><ScopeCd value="005"></ScopeCd></mdHrLv><mdHrLvName Sync="TRUE">dataset</mdHrLvName><refSysInfo><RefSystem><refSysID><identCode code="0"></identCode></refSysID></RefSystem></refSysInfo><spdoinfo><ptvctinf><esriterm Name="Anthracite_Coal_Mine_Permits_12022016"><efeatyp Sync="TRUE">Simple</efeatyp><efeageom code="4" Sync="TRUE"></efeageom><esritopo Sync="TRUE">FALSE</esritopo><efeacnt Sync="TRUE">127</efeacnt><spindex Sync="TRUE">TRUE</spindex><linrefer Sync="TRUE">FALSE</linrefer></esriterm></ptvctinf></spdoinfo><spatRepInfo><VectSpatRep><geometObjs Name="Anthracite_Coal_Mine_Permits_12022016"><geoObjTyp><GeoObjTypCd value="002" Sync="TRUE"></GeoObjTypCd></geoObjTyp><geoObjCnt Sync="TRUE">127</geoObjCnt></geometObjs><topLvl><TopoLevCd value="001" Sync="TRUE"></TopoLevCd></topLvl></VectSpatRep></spatRepInfo><eainfo><detailed Name="Anthracite_Coal_Mine_Permits_12022016"><enttyp><enttypl Sync="TRUE">Anthracite_Coal_Mine_Permits_12022016</enttypl><enttypt Sync="TRUE">Feature Class</enttypt><enttypc Sync="TRUE">127</enttypc></enttyp><attr><attrlabl Sync="TRUE">FID</attrlabl><attalias Sync="TRUE">FID</attalias><attrtype Sync="TRUE">OID</attrtype><attwidth Sync="TRUE">4</attwidth><atprecis Sync="TRUE">0</atprecis><attscale Sync="TRUE">0</attscale><attrdef Sync="TRUE">Internal feature number.</attrdef><attrdefs Sync="TRUE">Esri</attrdefs><attrdomv><udom Sync="TRUE">Sequential unique whole numbers that are automatically generated.</udom></attrdomv></attr><attr><attrlabl Sync="TRUE">OBJECTID</attrlabl><attalias Sync="TRUE">OBJECTID</attalias><attrtype Sync="TRUE">Integer</attrtype><attwidth Sync="TRUE">9</attwidth><atprecis Sync="TRUE">9</atprecis><attscale Sync="TRUE">0</attscale><attrdef Sync="TRUE">Internal feature number.</attrdef><attrdefs Sync="TRUE">ESRI</attrdefs><attrdomv><udom Sync="TRUE">Sequential unique whole numbers that are automatically generated.</udom></attrdomv></attr><attr><attrlabl Sync="TRUE">Shape</attrlabl><attalias Sync="TRUE">Shape</attalias><attrtype Sync="TRUE">Geometry</attrtype><attwidth Sync="TRUE">0</attwidth><atprecis Sync="TRUE">0</atprecis><attscale Sync="TRUE">0</attscale><attrdef Sync="TRUE">Feature geometry.</attrdef><attrdefs Sync="TRUE">ESRI</attrdefs><attrdomv><udom Sync="TRUE">Coordinates defining the features.</udom></attrdomv></attr><attr><attrlabl Sync="TRUE">Index_No</attrlabl><attalias Sync="TRUE">Index_No</attalias><attrtype Sync="TRUE">String</attrtype><attwidth Sync="TRUE">10</attwidth><atprecis Sync="TRUE">0</atprecis><attscale Sync="TRUE">0</attscale></attr><attr><attrlabl Sync="TRUE">Shape_Leng</attrlabl><attalias Sync="TRUE">Shape_Leng</attalias><attrtype Sync="TRUE">Double</attrtype><attwidth Sync="TRUE">19</attwidth><atprecis Sync="TRUE">0</atprecis><attscale Sync="TRUE">0</attscale></attr><attr><attrlabl Sync="TRUE">Quad_Name</attrlabl><attalias Sync="TRUE">Quad_Name</attalias><attrtype Sync="TRUE">String</attrtype><attwidth Sync="TRUE">254</attwidth><atprecis Sync="TRUE">0</atprecis><attscale Sync="TRUE">0</attscale></attr><attr><attrlabl Sync="TRUE">Permit__</attrlabl><attalias Sync="TRUE">Permit__</attalias><attrtype Sync="TRUE">String</attrtype><attwidth Sync="TRUE">254</attwidth><atprecis Sync="TRUE">0</atprecis><attscale Sync="TRUE">0</attscale></attr><attr><attrlabl Sync="TRUE">Misc</attrlabl><attalias Sync="TRUE">Misc</attalias><attrtype Sync="TRUE">String</attrtype><attwidth Sync="TRUE">254</attwidth><atprecis Sync="TRUE">0</atprecis><attscale Sync="TRUE">0</attscale></attr><attr><attrlabl Sync="TRUE">Date_Issue</attrlabl><attalias Sync="TRUE">Date_Issue</attalias><attrtype Sync="TRUE">Date</attrtype><attwidth Sync="TRUE">8</attwidth><atprecis Sync="TRUE">0</atprecis><attscale Sync="TRUE">0</attscale></attr><attr><attrlabl Sync="TRUE">Municipali</attrlabl><attalias Sync="TRUE">Municipali</attalias><attrtype Sync="TRUE">String</attrtype><attwidth Sync="TRUE">254</attwidth><atprecis Sync="TRUE">0</atprecis><attscale Sync="TRUE">0</attscale></attr><attr><attrlabl Sync="TRUE">County</attrlabl><attalias Sync="TRUE">County</attalias><attrtype Sync="TRUE">String</attrtype><attwidth Sync="TRUE">254</attwidth><atprecis Sync="TRUE">0</atprecis><attscale Sync="TRUE">0</attscale></attr><attr><attrlabl Sync="TRUE">Company</attrlabl><attalias Sync="TRUE">Company</attalias><attrtype Sync="TRUE">String</attrtype><attwidth Sync="TRUE">254</attwidth><atprecis Sync="TRUE">0</atprecis><attscale Sync="TRUE">0</attscale></attr><attr><attrlabl Sync="TRUE">Street1</attrlabl><attalias Sync="TRUE">Street1</attalias><attrtype Sync="TRUE">String</attrtype><attwidth Sync="TRUE">254</attwidth><atprecis Sync="TRUE">0</atprecis><attscale Sync="TRUE">0</attscale></attr><attr><attrlabl Sync="TRUE">Street2</attrlabl><attalias Sync="TRUE">Street2</attalias><attrtype Sync="TRUE">String</attrtype><attwidth Sync="TRUE">254</attwidth><atprecis Sync="TRUE">0</atprecis><attscale Sync="TRUE">0</attscale></attr><attr><attrlabl Sync="TRUE">City</attrlabl><attalias Sync="TRUE">City</attalias><attrtype Sync="TRUE">String</attrtype><attwidth Sync="TRUE">254</attwidth><atprecis Sync="TRUE">0</atprecis><attscale Sync="TRUE">0</attscale></attr><attr><attrlabl Sync="TRUE">State</attrlabl><attalias Sync="TRUE">State</attalias><attrtype Sync="TRUE">String</attrtype><attwidth Sync="TRUE">254</attwidth><atprecis Sync="TRUE">0</atprecis><attscale Sync="TRUE">0</attscale></attr><attr><attrlabl Sync="TRUE">Zip</attrlabl><attalias Sync="TRUE">Zip</attalias><attrtype Sync="TRUE">String</attrtype><attwidth Sync="TRUE">254</attwidth><atprecis Sync="TRUE">0</atprecis><attscale Sync="TRUE">0</attscale></attr><attr><attrlabl Sync="TRUE">Mine_Name</attrlabl><attalias Sync="TRUE">Mine_Name</attalias><attrtype Sync="TRUE">String</attrtype><attwidth Sync="TRUE">254</attwidth><atprecis Sync="TRUE">0</atprecis><attscale Sync="TRUE">0</attscale></attr><attr><attrlabl Sync="TRUE">Permit_Typ</attrlabl><attalias Sync="TRUE">Permit_Typ</attalias><attrtype Sync="TRUE">String</attrtype><attwidth Sync="TRUE">254</attwidth><atprecis Sync="TRUE">0</atprecis><attscale Sync="TRUE">0</attscale></attr><attr><attrlabl Sync="TRUE">Mineral</attrlabl><attalias Sync="TRUE">Mineral</attalias><attrtype Sync="TRUE">String</attrtype><attwidth Sync="TRUE">254</attwidth><atprecis Sync="TRUE">0</atprecis><attscale Sync="TRUE">0</attscale></attr><attr><attrlabl Sync="TRUE">Primary_Fa</attrlabl><attalias Sync="TRUE">Primary_Fa</attalias><attrtype Sync="TRUE">String</attrtype><attwidth Sync="TRUE">254</attwidth><atprecis Sync="TRUE">0</atprecis><attscale Sync="TRUE">0</attscale></attr><attr><attrlabl Sync="TRUE">Coal_Seam_</attrlabl><attalias Sync="TRUE">Coal_Seam_</attalias><attrtype Sync="TRUE">String</attrtype><attwidth Sync="TRUE">254</attwidth><atprecis Sync="TRUE">0</atprecis><attscale Sync="TRUE">0</attscale></attr><attr><attrlabl Sync="TRUE">Coal_Seam1</attrlabl><attalias Sync="TRUE">Coal_Seam1</attalias><attrtype Sync="TRUE">String</attrtype><attwidth Sync="TRUE">254</attwidth><atprecis Sync="TRUE">0</atprecis><attscale Sync="TRUE">0</attscale></attr><attr><attrlabl Sync="TRUE">Coal_Sea_1</attrlabl><attalias Sync="TRUE">Coal_Sea_1</attalias><attrtype Sync="TRUE">String</attrtype><attwidth Sync="TRUE">254</attwidth><atprecis Sync="TRUE">0</atprecis><attscale Sync="TRUE">0</attscale></attr><attr><attrlabl Sync="TRUE">Coal_Sea_2</attrlabl><attalias Sync="TRUE">Coal_Sea_2</attalias><attrtype Sync="TRUE">String</attrtype><attwidth Sync="TRUE">254</attwidth><atprecis Sync="TRUE">0</atprecis><attscale Sync="TRUE">0</attscale></attr><attr><attrlabl Sync="TRUE">Coal_Sea_3</attrlabl><attalias Sync="TRUE">Coal_Sea_3</attalias><attrtype Sync="TRUE">String</attrtype><attwidth Sync="TRUE">254</attwidth><atprecis Sync="TRUE">0</atprecis><attscale Sync="TRUE">0</attscale></attr><attr><attrlabl Sync="TRUE">Coal_Sea_4</attrlabl><attalias Sync="TRUE">Coal_Sea_4</attalias><attrtype Sync="TRUE">String</attrtype><attwidth Sync="TRUE">254</attwidth><atprecis Sync="TRUE">0</atprecis><attscale Sync="TRUE">0</attscale></attr><attr><attrlabl Sync="TRUE">Coal_Sea_5</attrlabl><attalias Sync="TRUE">Coal_Sea_5</attalias><attrtype Sync="TRUE">String</attrtype><attwidth Sync="TRUE">254</attwidth><atprecis Sync="TRUE">0</atprecis><attscale Sync="TRUE">0</attscale></attr><attr><attrlabl Sync="TRUE">Coal_Sea_6</attrlabl><attalias Sync="TRUE">Coal_Sea_6</attalias><attrtype Sync="TRUE">String</attrtype><attwidth Sync="TRUE">254</attwidth><atprecis Sync="TRUE">0</atprecis><attscale Sync="TRUE">0</attscale></attr><attr><attrlabl Sync="TRUE">Coal_Sea_7</attrlabl><attalias Sync="TRUE">Coal_Sea_7</attalias><attrtype Sync="TRUE">String</attrtype><attwidth Sync="TRUE">254</attwidth><atprecis Sync="TRUE">0</atprecis><attscale Sync="TRUE">0</attscale></attr><attr><attrlabl Sync="TRUE">Coal_Sea_8</attrlabl><attalias Sync="TRUE">Coal_Sea_8</attalias><attrtype Sync="TRUE">String</attrtype><attwidth Sync="TRUE">254</attwidth><atprecis Sync="TRUE">0</atprecis><attscale Sync="TRUE">0</attscale></attr><attr><attrlabl Sync="TRUE">Coal_Sea_9</attrlabl><attalias Sync="TRUE">Coal_Sea_9</attalias><attrtype Sync="TRUE">String</attrtype><attwidth Sync="TRUE">254</attwidth><atprecis Sync="TRUE">0</atprecis><attscale Sync="TRUE">0</attscale></attr><attr><attrlabl Sync="TRUE">Coal_Se_10</attrlabl><attalias Sync="TRUE">Coal_Se_10</attalias><attrtype Sync="TRUE">String</attrtype><attwidth Sync="TRUE">254</attwidth><atprecis Sync="TRUE">0</atprecis><attscale Sync="TRUE">0</attscale></attr><attr><attrlabl Sync="TRUE">Coal_Se_11</attrlabl><attalias Sync="TRUE">Coal_Se_11</attalias><attrtype Sync="TRUE">String</attrtype><attwidth Sync="TRUE">254</attwidth><atprecis Sync="TRUE">0</atprecis><attscale Sync="TRUE">0</attscale></attr><attr><attrlabl Sync="TRUE">F34</attrlabl><attalias Sync="TRUE">F34</attalias><attrtype Sync="TRUE">String</attrtype><attwidth Sync="TRUE">254</attwidth><atprecis Sync="TRUE">0</atprecis><attscale Sync="TRUE">0</attscale></attr><attr><attrlabl Sync="TRUE">F35</attrlabl><attalias Sync="TRUE">F35</attalias><attrtype Sync="TRUE">String</attrtype><attwidth Sync="TRUE">254</attwidth><atprecis Sync="TRUE">0</atprecis><attscale Sync="TRUE">0</attscale></attr><attr><attrlabl Sync="TRUE">F36</attrlabl><attalias Sync="TRUE">F36</attalias><attrtype Sync="TRUE">String</attrtype><attwidth Sync="TRUE">254</attwidth><atprecis Sync="TRUE">0</atprecis><attscale Sync="TRUE">0</attscale></attr><attr><attrlabl Sync="TRUE">F37</attrlabl><attalias Sync="TRUE">F37</attalias><attrtype Sync="TRUE">String</attrtype><attwidth Sync="TRUE">254</attwidth><atprecis Sync="TRUE">0</atprecis><attscale Sync="TRUE">0</attscale></attr><attr><attrlabl Sync="TRUE">F38</attrlabl><attalias Sync="TRUE">F38</attalias><attrtype Sync="TRUE">String</attrtype><attwidth Sync="TRUE">254</attwidth><atprecis Sync="TRUE">0</atprecis><attscale Sync="TRUE">0</attscale></attr><attr><attrlabl Sync="TRUE">Shape_Le_1</attrlabl><attalias Sync="TRUE">Shape_Le_1</attalias><attrtype Sync="TRUE">Double</attrtype><attwidth Sync="TRUE">19</attwidth><atprecis Sync="TRUE">0</atprecis><attscale Sync="TRUE">0</attscale></attr><attr><attrlabl Sync="TRUE">Shape_Area</attrlabl><attalias Sync="TRUE">Shape_Area</attalias><attrtype Sync="TRUE">Double</attrtype><attwidth Sync="TRUE">19</attwidth><atprecis Sync="TRUE">0</atprecis><attscale Sync="TRUE">0</attscale><attrdef Sync="TRUE">Area of feature in internal units squared.</attrdef><attrdefs Sync="TRUE">ESRI</attrdefs><attrdomv><udom Sync="TRUE">Positive real numbers that are automatically generated.</udom></attrdomv></attr><attr><attrlabl Sync="TRUE">Coal_Se_17</attrlabl><attalias Sync="TRUE">Coal_Se_17</attalias><attrtype Sync="TRUE">String</attrtype><attwidth Sync="TRUE">50</attwidth><atprecis Sync="TRUE">0</atprecis><attscale Sync="TRUE">0</attscale></attr><attr><attrlabl Sync="TRUE">Coal_Se_18</attrlabl><attalias Sync="TRUE">Coal_Se_18</attalias><attrtype Sync="TRUE">String</attrtype><attwidth Sync="TRUE">50</attwidth><atprecis Sync="TRUE">0</atprecis><attscale Sync="TRUE">0</attscale></attr><attr><attrlabl Sync="TRUE">Coal_Se_19</attrlabl><attalias Sync="TRUE">Coal_Se_19</attalias><attrtype Sync="TRUE">String</attrtype><attwidth Sync="TRUE">50</attwidth><atprecis Sync="TRUE">0</atprecis><attscale Sync="TRUE">0</attscale></attr></detailed></eainfo><mdDateSt Sync="TRUE">20161219</mdDateSt><mdChar><CharSetCd value="004" Sync="TRUE"></CharSetCd></mdChar></metadata>
