,NeighborhoodCouncil,IncidentNumber,IncidentID,IncidentYear,IncidentDate,Address,CAD_Location,City,State,ZipCode,CallReceived,CallDispatched,FirstUnitTurnout,FirstUnitOnscene,IncidentClosed,FireType,PropertyUseSpecific,PropertyUseGeneral,Fire_AreaOfOrigin,Fire_HeatSource,Fire_FirstItemIgnited,Fire_SpecificCause,Fire_GeneralCause,EstimatedPropertyValue,EstimatedPropertyLoss,EstimatedContentLoss,EstimatedTotalFireLoss,Structure_FireFloorOfOrigin,Structure_FloorOfOriginDescription,Structure_BuildingStatus,Structure_BurnDamage,Structure_SmokeDamage,Structure_AlarmInvolved,Structure_AlarmType,Structure_AlarmEffectiveness,Structure_NumberOfStories,Structure_NumberOfBasementLevels,Structure_ConstructionType,Structure_TotalSqFootage,Structure_NumberOfOccupants,Structure_NumberOfBusinesses,Structure_TotalSQFootBurned,Structure_TotalSQFootSmokeDamage,Mobile_VehicleMake,Mobile_VehicleModel,Mobile_VehicleYear,Fire_OutsideAreaAffected,Location,Latitude,Longitude
0,Central,1265,1265,1265,1265,1265,1265,1243,1265,1135,1265,1265,1252,1193,1263,1265,1265,1265,1265,1265,1265,1265,1265,1265,1265,1265,1265,362,362,362,361,361,362,112,85,362,362,362,362,362,362,362,362,128,94,128,1265,1265,1261,1261
1,East Side,1877,1877,1877,1877,1877,1877,1843,1877,1705,1877,1877,1861,1812,1875,1877,1877,1877,1877,1877,1877,1877,1877,1877,1877,1877,1877,425,425,424,424,424,425,115,74,425,425,424,425,425,425,425,425,244,193,244,1877,1877,1868,1868
2,New Tacoma,2136,2136,2136,2136,2136,2136,2088,2136,1887,2136,2136,2118,2056,2135,2136,2136,2136,2136,2136,2136,2136,2136,2136,2136,2136,2136,518,518,516,516,516,518,257,238,518,518,516,518,518,518,518,518,229,168,229,2136,2136,2128,2128
3,North East,486,486,486,486,486,486,485,486,445,486,486,482,464,485,486,486,486,486,486,486,486,486,486,486,486,486,102,102,102,102,102,102,33,22,102,102,102,102,102,102,102,102,48,35,49,486,486,486,486
4,North End,598,598,598,598,598,598,598,598,544,598,598,595,565,598,598,598,598,598,598,598,598,598,598,598,598,598,202,202,201,201,201,202,60,44,202,202,201,202,202,202,202,202,45,33,45,598,598,596,596
5,South End,2016,2016,2016,2016,2016,2016,1989,2016,1820,2016,2016,2011,1926,2015,2016,2016,2016,2016,2016,2016,2016,2016,2016,2016,2016,2016,513,513,511,510,510,513,136,99,513,513,511,513,513,513,513,513,256,184,256,2016,2016,2004,2004
6,South Tacoma,2071,2071,2071,2071,2071,2071,2021,2071,1851,2071,2071,2059,1987,2070,2071,2071,2071,2071,2071,2071,2071,2071,2071,2071,2071,2071,435,435,434,434,434,435,118,93,435,435,434,435,435,435,435,435,282,196,282,2071,2071,2065,2065
7,West End,1154,1154,1154,1154,1154,1154,1124,1154,1047,1154,1154,1145,1097,1154,1154,1154,1154,1154,1154,1154,1154,1154,1154,1154,1154,1154,294,294,293,293,293,294,114,81,294,294,293,294,294,294,294,294,106,76,106,1154,1154,1150,1150
