,OID,From_ID,To_ID,NearRank,From_Name,From_Address,From_City__State_and_ZIP_Code,From_Location,From_Website,To_Park_Name,To_Park_Description,To_Park_Location,Total_Miles,OBJECTID,SHAPE
0,1,1,38,1,Children's Museum of Tacoma,1501 Pacific Ave,"Tacoma, WA 98402","1501 Pacific Ave
Tacoma, WA 98402
(47.249063, -122.437211)",Website (http://www.playtacoma.org/),Lots for Tots,This tiny park features play equipment and picnic tables.,"1216 South I St.
Tacoma, WA
(47.25058, -122.448473)",0.5607743783781979,1,"{'paths': [[[-13629640.8589, 5982800.6994], [-13630923.9677, 5983152.032899998]]], 'spatialReference': {'wkid': 102100, 'latestWkid': 3857}}"
1,2,2,12,1,Museum of Glass,1801 Dock St,"Tacoma, WA 98402","1801 Dock St
Tacoma, WA 98402
(47.245401, -122.433714)",Website (http://museumofglass.org/visit),McCarver Park,"This park reflects the Ukrainian heritage of Zina Linnik and is filled with activities she loved - a reading circle, playground with high tech interactive play equipment and tetherball.","2301 South J St.
Tacoma, WA
(47.239289, -122.447368)",0.7225019005578821,2,"{'paths': [[[-13629296.547, 5982309.391500004], [-13630713.3099, 5981342.774099998]]], 'spatialReference': {'wkid': 102100, 'latestWkid': 3857}}"
2,3,3,12,1,Washington State History Museum,1911 Pacific Ave,"Tacoma, WA 98402","1911 Pacific Ave
Tacoma, WA 98402
(47.244424, -122.436107)",Website (http://www.washingtonhistory.org/visit/wshm/),McCarver Park,"This park reflects the Ukrainian heritage of Zina Linnik and is filled with activities she loved - a reading circle, playground with high tech interactive play equipment and tetherball.","2301 South J St.
Tacoma, WA
(47.239289, -122.447368)",0.5958445083158391,3,"{'paths': [[[-13629521.3047, 5982103.930100001], [-13630713.3099, 5981342.774099998]]], 'spatialReference': {'wkid': 102100, 'latestWkid': 3857}}"
3,4,4,42,1,Foss Waterway Seaport,705 Dock St,"Tacoma, WA 98402","705 Dock St
Tacoma, WA 98402
(47.257877, -122.437283)",Website (http://www.fosswaterwayseaport.org/),Thea's Park,A 20 by 38 foot Harbor Flag welcomes people from all nations into the Port of Tacoma from Theas Park.,"405 Dock St.
Tacoma, WA
(47.260824, -122.439544)",0.2088965428984154,4,"{'paths': [[[-13629632.9558, 5984264.602300003], [-13629875.9636, 5984697.818499997]]], 'spatialReference': {'wkid': 102100, 'latestWkid': 3857}}"
4,5,5,38,1,Tacoma Art Museum,1701 Pacific Ave,"Tacoma, WA 98402","1701 Pacific Ave
Tacoma, WA 98402
(47.247358731000475, -122.43718167799972)",Website (http://www.tacomaartmuseum.org/),Lots for Tots,This tiny park features play equipment and picnic tables.,"1216 South I St.
Tacoma, WA
(47.25058, -122.448473)",0.6140491636589461,5,"{'paths': [[[-13629581.525, 5982585.542499997], [-13630923.9677, 5983152.032899998]]], 'spatialReference': {'wkid': 102100, 'latestWkid': 3857}}"
5,6,6,26,1,Buffalo Soldiers Museum,1940 S Wilkeson St,"Tacoma, WA 98405","1940 S. Wilkeson
Tacoma, WA 98405
(47.241232, -122.459177)",Website (http://www.buffalosoldierstacoma.org/),Stanley Playfield,Stanley Playfield is located next to Al Davies Boys & Girls Club.,"1712 S. 19th St.
Tacoma, WA
(47.242688, -122.45978)",0.10383050682077452,6,"{'paths': [[[-13632114.0427, 5981535.759199999], [-13632111.952100001, 5981782.7447]]], 'spatialReference': {'wkid': 102100, 'latestWkid': 3857}}"
6,7,7,34,1,Fort Nisqually Living History Museum,5400 N Pearl St,"Tacoma, WA 98407","5400 N Pearl St
Tacoma, WA 98407
(47.303523, -122.532254)",Website (http://www.metroparkstacoma.org/fort-nisqually-living-history-museum),Point Defiance Park,"Natural forest, saltwater beaches and spectacular views offer numerous possibilities for recreation, education and communing with nature.","5400 N. Pearl St.
Tacoma, WA
(47.301735, -122.515683)",0.0,7,
7,8,8,32,1,Job Carr Cabin Museum,2350 N 30th St,"Tacoma, WA 98403","2350 N 30th St
Tacoma, WA 98403
(47.274672, -122.468407)",Website (http://www.jobcarrmuseum.org/),Old Town Park,"Located in Tacoma's Old Town business district, Old Town Park hosts the historic Job Carr Cabin.","2350 N. 30th St.
Tacoma, WA
(47.274749, -122.468569)",0.0,8,
8,9,9,51,1,Karpeles Manuscript Museum,407 South G St,"Tacoma, WA 98405","407 S G St
Tacoma, WA 98405
(47.259421, -122.446885)",Website (http://rain.org/~karpeles/taqfrm.html),Wright Park,"Wright Park is ideal for a leisurely stroll or taking your kids to the playground. This 27 acre arboretum is home to a rich collection of more than 630 trees, including 30 state champions.","501 South I St.
Tacoma, WA
(47.258103, -122.450165)",0.13508836524887707,9,"{'paths': [[[-13630720.4387, 5984519.491800003], [-13631005.1926, 5984372.035700001]]], 'spatialReference': {'wkid': 102100, 'latestWkid': 3857}}"
9,10,10,2,1,LeMay - America's Car Museum,2702 E D St,"Tacoma, WA 98421","2702 E D St
Tacoma, WA 98421
(47.236193, -122.430495)",Website (http://www.lemaymuseum.org/),McKinley Park,Pathways among the trees and new playground equipment draws residents from the surrounding neighborhood to enjoy the beauty of one of Tacoma's first parks (1901).,"907 Upper Park St.
Tacoma, WA",0.4515128505273667,10,"{'paths': [[[-13628894.011599999, 5980719.079099998], [-13627881.9014, 5980368.953500003]]], 'spatialReference': {'wkid': 102100, 'latestWkid': 3857}}"
